id_sn,stock_name
1,180 Degree Capital Corp.
2,"2U, Inc."
3,500.com Limited
4,AAR Corp.
5,AbbVie Inc.
6,"Aberdeen Greater China Fund, Inc."
7,"Aberdeen Japan Equity Fund, Inc."
8,ABM Industries Incorporated
9,Acadia Realty Trust
10,Access National Corporation
11,"Acorda Therapeutics, Inc."
12,"Activision Blizzard, Inc"
13,Actuant Corporation
14,Acxiom Corporation
15,Adamis Pharmaceuticals Corporation
16,"Adams Diversified Equity Fund, Inc."
17,Adaptimmune Therapeutics plc
18,"ADDvantage Technologies Group, Inc."
19,Adecoagro S.A.
20,Adesto Technologies Corporation
21,Adient plc
22,Adobe Systems Incorporated
23,Adtalem Global Education Inc.
24,"Aduro Biotech, Inc."
25,"Advanced Drainage Systems, Inc."
26,"Advanced Micro Devices, Inc."
27,Advent/Claymore Enhanced Growth & Income Fund
28,AdvisorShares Market Adaptive Unconstrained Income ETF
29,Aegon NV
30,"AG Mortgage Investment Trust, Inc."
31,AGCO Corporation
32,"Agilent Technologies, Inc."
33,Agnico Eagle Mines Limited
34,Aircastle Limited
35,AirMedia Group Inc
36,AK Steel Holding Corporation
37,Akers Biosciences Inc
38,"Akoustis Technologies, Inc."
39,Alamos Gold Inc.
40,"Alaska Air Group, Inc."
41,"Alaska Communications Systems Group, Inc."
42,Alcentra Capital Corp.
43,"Alder BioPharmaceuticals, Inc."
44,Alere Inc.
45,"Alexander & Baldwin Holdings, Inc."
46,Algonquin Power & Utilities Corp.
47,"Alico, Inc."
48,"Align Technology, Inc."
49,Allegheny Technologies Incorporated
50,"Allegiance Bancshares, Inc."
51,Allegiant Travel Company
52,Allergan plc.
53,Alliance California Municipal Income Fund Inc
54,Alliant Energy Corporation
55,AllianzGI Convertible & Income Fund
56,"AllianzGI NFJ Dividend, Interest & Premium Strategy Fund"
57,"Allied Motion Technologies, Inc."
58,"Alliqua BioMedical, Inc."
59,"Allison Transmission Holdings, Inc."
60,Allot Communications Ltd.
61,"Allscripts Healthcare Solutions, Inc."
62,Allstate Corporation (The)
63,Ally Financial Inc.
64,"Alon USA Energy, Inc."
65,Altria Group
66,Amaya Inc.
67,"Amazon.com, Inc."
68,"Ambac Financial Group, Inc."
69,"Ambarella, Inc."
70,"America Movil, S.A.B. de C.V."
71,"American Airlines Group, Inc."
72,"American Electric Technologies, Inc."
73,"American Financial Group, Inc."
74,American Homes 4 Rent
75,"American International Group, Inc."
76,"American Midstream Partners, LP"
77,American Outdoor Brands Corporation
78,"American Software, Inc."
79,American Superconductor Corporation
80,"AmeriGas Partners, L.P."
81,"AMERIPRISE FINANCIAL SERVICES, INC."
82,AmeriServ Financial Inc.
83,"Amkor Technology, Inc."
84,"Amtech Systems, Inc."
85,"AMTEK, Inc."
86,"AmTrust Financial Services, Inc."
87,Anadarko Petroleum Corporation
88,"Analog Devices, Inc."
89,Anavex Life Sciences Corp.
90,Andina Acquisition Corp. II
91,"Angie's List, Inc."
92,"ANI Pharmaceuticals, Inc."
93,Annaly Capital Management Inc
94,"Anthem, Inc."
95,Anworth Mortgage Asset Corporation
96,Aon plc
97,Apartment Investment and Management Company
98,Apollo Commercial Real Estate Finance
99,"Apollo Endosurgery, Inc."
100,Apollo Investment Corporation
101,Applied DNA Sciences Inc
102,"Aqua America, Inc."
103,AquaVenture Holdings Limited
104,Aralez Pharmaceuticals Inc.
105,"Aratana Therapeutics, Inc."
106,Arbor Realty Trust
107,Arbutus Biopharma Corporation
108,"ARC Document Solutions, Inc."
109,"ARCA biopharma, Inc."
110,"Arcadia Biosciences, Inc."
111,Arch Capital Group Ltd.
112,"Arch Coal, Inc."
113,"Archrock Partners, L.P."
114,Arconic Inc.
115,Ardmore Shipping Corporation
116,Ares Capital Corporation
117,"Ares Dynamic Credit Allocation Fund, Inc."
118,Ares Management L.P.
119,"Argan, Inc."
120,"Arista Networks, Inc."
121,Arlington Asset Investment Corp
122,Armstrong World Industries Inc
123,Array BioPharma Inc.
124,"Arrow Electronics, Inc."
125,"Arrowhead Pharmaceuticals, Inc."
126,Artesian Resources Corporation
127,"ASB Bancorp, Inc."
128,"Ascena Retail Group, Inc."
129,"Ashford Hospitality Prime, Inc."
130,Ashford Hospitality Trust Inc
131,Asia Pacific Wire & Cable Corporation Limited
132,ASML Holding N.V.
133,"Assembly Biosciences, Inc."
134,Associated Banc-Corp
135,"Associated Capital Group, Inc."
136,Assured Guaranty Ltd.
137,At Home Group Inc.
138,Athene Holding Ltd.
139,"Athersys, Inc."
140,Atlantic American Corporation
141,"Atlantic Capital Bancshares, Inc."
142,Atlantica Yield plc
143,Atlanticus Holdings Corporation
144,Atlas Air Worldwide Holdings
145,"aTyr Pharma, Inc."
146,"Audentes Therapeutics, Inc."
147,Aurinia Pharmaceuticals Inc
148,Auris Medical Holding AG
149,Autobytel Inc.
150,"Autoliv, Inc."
151,"Avangrid, Inc."
152,"AVEO Pharmaceuticals, Inc."
153,"AveXis, Inc."
154,"Aviat Networks, Inc."
155,"Avinger, Inc."
156,Avista Corporation
157,"Aware, Inc."
158,Axalta Coating Systems Ltd.
159,B Communications Ltd.
160,Babcock
161,BalckRock Taxable Municipal Bond Trust
162,"Baldwin & Lyons, Inc."
163,Ball Corporation
164,Baltimore Gas & Electric Company
165,"Banc of California, Inc."
166,"Banco Latinoamericano de Comercio Exterior, S.A."
167,Banco Santander Brasil SA
168,Banco Santander Chile
169,"Banco Santander, S.A."
170,Bank of America Corporation
171,Bank of N.T. Butterfield & Son Limited (The)
172,Bank of Nova Scotia (The)
173,"Bankwell Financial Group, Inc."
174,Barington/Hilco Acquisition Corp.
175,Baxter International Inc.
176,Baytex Energy Corp
177,BB&T Corporation
178,"BCB Bancorp, Inc. (NJ)"
179,"Bear State Financial, Inc."
180,"bebe stores, inc."
181,"Becton, Dickinson and Company"
182,"Bellerophon Therapeutics, Inc."
183,Benitec Biopharma Limited
184,Berkshire Hathaway Inc.
185,"BGC Partners, Inc."
186,"Big Lots, Inc."
187,"Bio-Rad Laboratories, Inc."
188,Bio-Techne Corp
189,"Bioanalytical Systems, Inc."
190,Bioblast Pharma Ltd.
191,"BioLife Solutions, Inc."
192,BioMarin Pharmaceutical Inc.
193,"Biomerica, Inc."
194,"Bioptix, Inc"
195,BioShares Biotechnology Products Fund
196,"Biostar Pharmaceuticals, Inc."
197,Bitauto Holdings Limited
198,Black Hills Corporation
199,"Black Knight Financial Services, Inc."
200,"Blackbaud, Inc."
201,BlackBerry Limited
202,Blackrock California Municipal 2018 Term Trust
203,BlackRock Capital Investment Corporation
204,Blackrock Defined Opportunity Credit Trust
205,Blackrock Enhanced Equity Dividend Trust
206,Blackrock Florida Municipal 2020 Term Trust
207,Blackrock Muni New York Intermediate Duration Fund Inc
208,Blackrock Municipal 2020 Term Trust
209,BlackRock Municipal Target Term Trust Inc. (The)
210,"Blackrock MuniHoldings Fund II, Inc."
211,Blackrock MuniHoldings Investment Quality Fund
212,"Blackrock MuniHoldings New York Quality Fund, Inc."
213,"Blackrock MuniYield California Fund, Inc."
214,"Blackrock MuniYield California Insured Fund, Inc."
215,"Blackrock MuniYield Fund, Inc."
216,Blackrock MuniYield Investment QualityFund
217,"Blackrock MuniYield New Jersey Fund, Inc."
218,"Blackrock MuniYield Quality Fund, Inc."
219,BlackRock Resources
220,Blackstone / GSO Strategic Credit Fund
221,Blackstone GSO Senior Floating Rate Term Fund
222,BLDRS Asia 50 ADR Index Fund
223,BLDRS Developed Markets 100 ADR Index Fund
224,BLDRS Europe 100 ADR Index Fund
225,"Blueknight Energy Partners L.P., L.L.C."
226,BlueLinx Holdings Inc.
227,"BofI Holding, Inc."
228,"Boingo Wireless, Inc."
229,BOK Financial Corporation
230,"Bonso Electronics International, Inc."
231,Booz Allen Hamilton Holding Corporation
232,"Boston Private Financial Holdings, Inc."
233,"Bottomline Technologies, Inc."
234,Brady Corporation
235,Brandywine Realty Trust
236,"Bridgepoint Education, Inc."
237,Briggs & Stratton Corporation
238,Bright Horizons Family Solutions Inc.
239,Bristol-Myers Squibb Company
240,Bristow Group Inc
241,Brixmor Property Group Inc.
242,Broadcom Limited
243,"BroadVision, Inc."
244,"Brocade Communications Systems, Inc."
245,Brookfield DTLA Inc.
246,Brookfield Global Listed Infrastructure Income Fund
247,Buenaventura Mining Company Inc.
248,BullMark LatAm Select Leaders ETF
249,Bunge Limited
250,"Burlington Stores, Inc."
251,C
252,"C.H. Robinson Worldwide, Inc."
253,C&F Financial Corporation
254,"Cable One, Inc."
255,Cabot Corporation
256,Cabot Microelectronics Corporation
257,"Cadiz, Inc."
258,Caesars Acquisition Company
259,CafePress Inc.
260,"CAI International, Inc."
261,"Cal-Maine Foods, Inc."
262,Calamos Global Total Return Fund
263,"Callidus Software, Inc."
264,Callon Petroleum Company
265,"Calumet Specialty Products Partners, L.P."
266,"Camping World Holdings, Inc."
267,Capella Education Company
268,Capital Bank Financial Corp.
269,Capital City Bank Group
270,Capital One Financial Corporation
271,Capital Product Partners L.P.
272,Capital Southwest Corporation
273,"Capital Trust, Inc."
274,"Capitol Federal Financial, Inc."
275,Capstone Turbine Corporation
276,"Carbo Ceramics, Inc."
277,"Cardinal Health, Inc."
278,Cardtronics plc
279,"Care.com, Inc."
280,Carnival Corporation
281,Carolina Financial Corporation
282,Cars.com Inc.
283,"Cartesian, Inc."
284,"Caseys General Stores, Inc."
285,"Catalent, Inc."
286,"Catalyst Pharmaceuticals, Inc."
287,Cathay General Bancorp
288,"Cavco Industries, Inc."
289,CBS Corporation
290,CDW Corporation
291,"Cedar Fair, L.P."
292,"Cellcom Israel, Ltd."
293,Cellect Biotechnology Ltd.
294,"Cellectar Biosciences, Inc."
295,Cementos Pacasmayo S.A.A.
296,Cemex S.A.B. de C.V.
297,Cemtrex Inc.
298,Cencosud S.A.
299,Cenovus Energy Inc
300,"CenterState Banks, Inc."
301,Central European Media Enterprises Ltd.
302,Central Federal Corporation
303,Central Garden & Pet Company
304,"CenturyLink, Inc."
305,Cerner Corporation
306,Cerus Corporation
307,"CF Industries Holdings, Inc."
308,ChannelAdvisor Corporation
309,"Charter Communications, Inc."
310,Check Point Software Technologies Ltd.
311,Check-Cap Ltd.
312,Cherokee Inc.
313,Cherry Hill Mortgage Investment Corporation
314,China Auto Logistics Inc.
315,"China Ceramics Co., Ltd."
316,"China Commercial Credit, Inc."
317,China Finance Online Co. Limited
318,"China Jo-Jo Drugstores, Inc."
319,China Lending Corporation
320,"China Lodging Group, Limited"
321,China Online Education Group
322,China Telecom Corp Ltd
323,China Unicom (Hong Kong) Ltd
324,China Yuchai International Limited
325,ChinaCache International Holdings Ltd.
326,CHS Inc
327,"Church & Dwight Company, Inc."
328,"Cidara Therapeutics, Inc."
329,Cinedigm Corp
330,Cinemark Holdings Inc
331,"Cisco Systems, Inc."
332,Citigroup Inc.
333,"Citizens Community Bancorp, Inc."
334,Citizens Holding Company
335,"City Office REIT, Inc."
336,Civeo Corporation
337,"Clear Channel Outdoor Holdings, Inc."
338,ClearBridge All Cap Growth ETF
339,ClearBridge Large Cap Growth ESG ETF
340,ClearSign Combustion Corporation
341,Clearwater Paper Corporation
342,Clipper Realty Inc.
343,"Cloudera, Inc."
344,CMS Energy Corporation
345,CNA Financial Corporation
346,CNOOC Limited
347,CNX Coal Resources LP
348,"Codexis, Inc."
349,"Codorus Valley Bancorp, Inc"
350,"Cogentix Medical, Inc."
351,Cognizant Technology Solutions Corporation
352,Cohen & Steers Inc
353,Cohen & Steers Reit and Preferred Income Fund Inc
354,"Cohu, Inc."
355,Colonial High Income Municipal Trust
356,Colonial Intermediate High Income Fund
357,"Colony NorthStar, Inc."
358,"Columbia Banking System, Inc."
359,Columbia Sportswear Company
360,Columbus McKinnon Corporation
361,Comerica Incorporated
362,"Commerce Bancshares, Inc."
363,Community Healthcare Trust Incorporated
364,Companhia de saneamento Basico Do Estado De Sao Paulo - Sabesp
365,Compugen Ltd.
366,"Comstock Holding Companies, Inc."
367,"ConAgra Brands, Inc."
368,Concord Medical Services Holdings Limited
369,"Conn's, Inc."
370,ConocoPhillips
371,Consolidated Edison Inc
372,Container Store (The)
373,"Continental Building Products, Inc."
374,Convergys Corporation
375,Conyers Park Acquisition Corp.
376,Cooper-Standard Holdings Inc.
377,"Copart, Inc."
378,"Corbus Pharmaceuticals Holdings, Inc."
379,Corcept Therapeutics Incorporated
380,"CoreLogic, Inc."
381,CoreSite Realty Corporation
382,"Cornerstone OnDemand, Inc."
383,Corning Incorporated
384,Corporate Asset Backed Corp CABCO
385,Corporate Office Properties Trust
386,Cosan Limited
387,"Cotiviti Holdings, Inc."
388,Cott Corporation
389,"County Bancorp, Inc."
390,Cousins Properties Incorporated
391,"Covenant Transportation Group, Inc."
392,CPFL Energia S.A.
393,CPS Technologies Corp.
394,"Cracker Barrel Old Country Store, Inc."
395,"Craft Brew Alliance, Inc."
396,Crawford & Company
397,Credit Suisse Group
398,Crestwood Equity Partners LP
399,CRH PLC
400,CRISPR Therapeutics AG
401,Cross Timbers Royalty Trust
402,Crown Castle International Corporation
403,"Crown Holdings, Inc."
404,"CST Brands, Inc."
405,Cubic Corporation
406,Cumulus Media Inc.
407,"Curis, Inc."
408,Curtiss-Wright Corporation
409,Cushing Energy Income Fund (The)
410,Cushing Renaissance Fund (The)
411,"Customers Bancorp, Inc"
412,CVB Financial Corporation
413,"CVR Partners, LP"
414,"CVR Refining, LP"
415,CyberArk Software Ltd.
416,Cypress Semiconductor Corporation
417,CYREN Ltd.
418,"Cytokinetics, Incorporated"
419,"CytomX Therapeutics, Inc."
420,Cytori Therapeutics Inc
421,"D.R. Horton, Inc."
422,Daily Journal Corp. (S.C.)
423,Danaher Corporation
424,DarioHealth Corp.
425,"Daseke, Inc."
426,Dataram Corporation
427,Datawatch Corporation
428,DAVIDsTEA Inc.
429,Davis Select Financial ETF
430,DaVita Inc.
431,Dawson Geophysical Company
432,DCT Industrial Trust Inc
433,DDR Corp.
434,Deckers Outdoor Corporation
435,Delphi Automotive plc
436,Delta Technology Holdings Limited
437,Deltic Timber Corporation
438,"Depomed, Inc."
439,"Dermira, Inc."
440,Deutsche Bank AG
441,DHX Media Ltd.
442,Diana Shipping inc.
443,Dick's Sporting Goods Inc
444,Differential Brands Group Inc.
445,Diffusion Pharmaceuticals Inc.
446,"Digital Realty Trust, Inc."
447,Diodes Incorporated
448,"Diplomat Pharmacy, Inc."
449,"Discovery Communications, Inc."
450,DLH Holdings Corp.
451,DMC Global Inc.
452,Dominion Diamond Corporation
453,"Dominion Energy Midstream Partners, LP"
454,"Dominion Energy, Inc."
455,"Douglas Dynamics, Inc."
456,"Dreyfus Municipal Bond Infrastructure Fund, Inc."
457,"Dreyfus Strategic Municipals, Inc."
458,Drive Shack Inc.
459,Duff & Phelps Select Energy MLP Fund Inc.
460,"Duff & Phelps Utilities Income, Inc."
461,Duke Realty Corporation
462,"Dupont Fabros Technology, Inc."
463,"DWS High Income Opportunities Fund, Inc."
464,"Dycom Industries, Inc."
465,Dynagas LNG Partners LP
466,Dynegy Inc.
467,"Dynex Capital, Inc."
468,E.W. Scripps Company (The)
469,"Eagle Bancorp Montana, Inc."
470,"Eagle Bancorp, Inc."
471,Eagle Bulk Shipping Inc.
472,"Earthstone Energy, Inc."
473,"East West Bancorp, Inc."
474,Eastman Chemical Company
475,Eastman Kodak Company
476,Eaton Vance Corporation
477,Eaton Vance Enhance Equity Income Fund
478,Eaton Vance Enhanced Equity Income Fund II
479,Eaton Vance Floating Rate Income Trust
480,Eaton vance Floating-Rate Income Plus Fund
481,Eaton Vance NextShares Trust
482,Eaton Vance Senior Floating-Rate Fund
483,Eaton Vance Senior Income Trust
484,Eaton Vance Short Diversified Income Fund
485,Eaton Vance Tax Advantaged Dividend Income Fund
486,Eaton Vance Tax-Managed Buy-Write Income Fund
487,Eaton Vance Tax-Managed Global Diversified Equity Income Fund
488,"Ebix, Inc."
489,Eclipse Resources Corporation
490,"Eco-Stim Energy Solutions, Inc."
491,Ecolab Inc.
492,"Ecology and Environment, Inc."
493,eGain Corporation
494,El Paso Corporation
495,"El Pollo Loco Holdings, Inc."
496,Eldorado Gold Corporation
497,"Eldorado Resorts, Inc."
498,"Electro-Sensors, Inc."
499,"Electronics for Imaging, Inc."
500,Eli Lilly and Company
501,"Ellie Mae, Inc."
502,Ellington Financial LLC
503,EMC Insurance Group Inc.
504,EMCORE Corporation
505,"Emergent Biosolutions, Inc."
506,"Empire State Realty Trust, Inc."
507,"Enanta Pharmaceuticals, Inc."
508,Encore Wire Corporation
509,Endeavour Silver Corporation
510,"Endocyte, Inc."
511,Enduro Royalty Trust
512,Energen Corporation
513,"Energizer Holdings, Inc."
514,Enerplus Corporation
515,ENSCO plc
516,Enstar Group Limited
517,"Entegris, Inc."
518,"Entellus Medical, Inc."
519,Entergy Corporation
520,"Entergy Mississippi, Inc."
521,Enterprise Bancorp Inc
522,Entertainment Gaming Asia Incorporated
523,Entravision Communications Corporation
524,"EOG Resources, Inc."
525,"EQT GP Holdings, LP"
526,Ericsson
527,Eros International PLC
528,"ESSA Bancorp, Inc."
529,Essent Group Ltd.
530,"European Equity Fund, Inc. (The)"
531,"Ever-Glory International Group, Inc."
532,Evogene Ltd.
533,"Evoke Pharma, Inc."
534,"Evolent Health, Inc"
535,Exxon Mobil Corporation
536,FactSet Research Systems Inc.
537,"FalconStor Software, Inc."
538,Fang Holdings Limited
539,Fanhua Inc.
540,"Farmers & Merchants Bancorp, Inc."
541,Farmers National Banc Corp.
542,Farmland Partners Inc.
543,"FARO Technologies, Inc."
544,FB Financial Corporation
545,"FCB Financial Holdings, Inc."
546,Federal Agricultural Mortgage Corporation
547,Federated National Holding Company
548,FedEx Corporation
549,Female Health Company (The)
550,"Fenix Parts, Inc."
551,"Fidelity National Financial, Inc."
552,Fidus Investment Corporation
553,FinTech Acquisition Corp. II
554,First American Corporation (The)
555,"First Bancorp, Inc (ME)"
556,First BanCorp.
557,"First Citizens BancShares, Inc."
558,First Horizon National Corporation
559,"First Industrial Realty Trust, Inc."
560,First Internet Bancorp
561,FIRST REPUBLIC BANK
562,"First Solar, Inc."
563,First Trust
564,First Trust Alternative Absolute Return Strategy ETF
565,First Trust Brazil AlphaDEX Fund
566,First Trust Capital Strength ETF
567,First Trust Developed Markets Ex-US AlphaDEX Fund
568,First Trust Dynamic Europe Equity Income Fund
569,First Trust Emerging Markets AlphaDEX Fund
570,First Trust Emerging Markets Local Currency Bond ETF
571,First Trust Emerging Markets Small Cap AlphaDEX Fund
572,First Trust Hong Kong AlphaDEX Fund
573,First Trust Indxx Global Agriculture ETF
574,First Trust Indxx Global Natural Resources Income ETF
575,First Trust International Multi-Asset Diversified Income Index
576,First Trust Large Cap Growth AlphaDEX Fund
577,First Trust Latin America AlphaDEX Fund
578,First Trust Low Beta Income ETF
579,First Trust Mid Cap Core AlphaDEX Fund
580,First Trust Multi Cap Value AlphaDEX Fund
581,First Trust Municipal CEF Income Opportunity ETF
582,First Trust Nasdaq Retail ETF
583,First Trust New Opportunities MLP & Energy Fund
584,First Trust Small Cap Value AlphaDEX Fund
585,First Trust South Korea AlphaDEX Fund
586,First Trust SSI Strategic Convertible Securities ETF
587,First Trust Switzerland AlphaDEX Fund
588,Five Oaks Investment Corp.
589,FlexShares Credit-Scored US Corporate Bond Index Fund
590,FlexShares Disciplined Duration MBS Index Fund
591,FlexShares Real Assets Allocation Index Fund
592,"Flexsteel Industries, Inc."
593,"Flotek Industries, Inc."
594,Fluidigm Corporation
595,FMC Corporation
596,FNB Bancorp
597,Foamix Pharmaceuticals Ltd.
598,Foresight Autonomous Holdings Ltd.
599,Forestar Group Inc
600,Formula Systems (1985) Ltd.
601,Fortis Inc.
602,Fortress Transportation and Infrastructure Investors LLC
603,"Fortune Brands Home & Security, Inc."
604,Forward Air Corporation
605,"Four Corners Property Trust, Inc."
606,Fox Factory Holding Corp.
607,"Franklin Financial Network, Inc."
608,"Freeport-McMoran, Inc."
609,"Freightcar America, Inc."
610,Frontline Ltd.
611,FS Investment Corporation
612,"FTD Companies, Inc."
613,"G. Willi-Food International, Ltd."
614,Gabelli Dividend
615,"Gabelli Equity Trust, Inc. (The)"
616,Gabelli Utility Trust (The)
617,"GAIN Capital Holdings, Inc."
618,"Galena Biopharma, Inc."
619,Galmed Pharmaceuticals Ltd.
620,"GAMCO Natural Resources, Gold & Income Tust"
621,Gamestop Corporation
622,GasLog LP.
623,GATX Corporation
624,GCP Applied Technologies Inc.
625,Generac Holdlings Inc.
626,"General American Investors, Inc."
627,General Cable Corporation
628,"General Communication, Inc."
629,General Finance Corporation
630,General Motors Company
631,Genesco Inc.
632,Genpact Limited
633,Gentex Corporation
634,Genworth Financial Inc
635,Geo Group Inc (The)
636,Geospace Technologies Corporation
637,Geron Corporation
638,Getty Realty Corporation
639,GGP Inc.
640,"Gildan Activewear, Inc."
641,Gladstone Capital Corporation
642,Gladstone Commercial Corporation
643,Gladstone Land Corporation
644,Glaukos Corporation
645,GlaxoSmithKline PLC
646,"Global Brass and Copper Holdings, Inc."
647,Global Partner Acquisition Corp.
648,Global Partners LP
649,"Global Water Resources, Inc."
650,Global X Guru Activist ETF
651,Global X Social Media ETF
652,Global X SuperDividend Alternatives ETF
653,Global X Yieldco Index ETF
654,"GNC Holdings, Inc."
655,Gold Fields Limited
656,Goldcorp Inc.
657,"Golden Entertainment, Inc."
658,"Goldman Sachs BDC, Inc."
659,"Goldman Sachs Group, Inc. (The)"
660,Goldman Sachs MLP Energy Renaissance Fund
661,"Gores Holdings II, Inc."
662,GP Investments Acquisition Corp.
663,GP Strategies Corporation
664,Graham Holdings Company
665,Grana y Montero S.A.A.
666,Great Elm Capital Corp.
667,"Great Western Bancorp, Inc."
668,"Green Brick Partners, Inc."
669,"Green Plains, Inc."
670,Griffon Corporation
671,"Group 1 Automotive, Inc."
672,"Grupo Aeroportuario Del Pacifico, S.A. de C.V."
673,Grupo Financiero Galicia S.A.
674,Grupo Financiero Santander Mexico S.A. B. de C.V.
675,"GSI Technology, Inc."
676,"GTY Technology Holdings, Inc."
677,"Guaranty Federal Bancshares, Inc."
678,"Guess?, Inc."
679,Guggenheim Credit Allocation Fund
680,Guggenheim Enhanced Equity Income Fund
681,Guggenheim Taxable Municipal Managed Duration Trst
682,GW Pharmaceuticals Plc
683,H. B. Fuller Company
684,Halliburton Company
685,"Halyard Health, Inc."
686,"Hamilton Bancorp, Inc."
687,Hanesbrands Inc.
688,Hanmi Financial Corporation
689,Hardinge Inc.
690,Harmony Merger Corp.
691,"Harte-Hanks, Inc."
692,"Hartford Financial Services Group, Inc. (The)"
693,Harvest Capital Credit Corporation
694,"Haverty Furniture Companies, Inc."
695,"Hawaiian Holdings, Inc."
696,"HC2 Holdings, Inc."
697,"HCA Healthcare, Inc."
698,HDFC Bank Limited
699,"Heartland Express, Inc."
700,Heico Corporation
701,Helen of Troy Limited
702,Helios and Matheson Analytics Inc
703,"Hennessy Advisors, Inc."
704,Heritage Commerce Corp
705,Heska Corporation
706,Hess Corporation
707,"Hibbett Sports, Inc."
708,"Highwoods Properties, Inc."
709,Hilton Worldwide Holdings Inc.
710,Hingham Institution for Savings
711,"HMN Financial, Inc."
712,"Holly Energy Partners, L.P."
713,HollyFrontier Corporation
714,"Home Bancorp, Inc."
715,"Home BancShares, Inc."
716,Honeywell International Inc.
717,Horizons DAX Germany ETF
718,"Hortonworks, Inc."
719,"Hostess Brands, Inc."
720,"Houlihan Lokey, Inc."
721,"Howard Bancorp, Inc."
722,HSBC Holdings plc
723,"HubSpot, Inc."
724,Hudbay Minerals Inc.
725,"Hurco Companies, Inc."
726,"Hyster-Yale Materials Handling, Inc."
727,IBERIABANK Corporation
728,"ICF International, Inc."
729,"ICU Medical, Inc."
730,"IDACORP, Inc."
731,Ideal Power Inc.
732,IDEX Corporation
733,"IDEXX Laboratories, Inc."
734,"IES Holdings, Inc."
735,"iKang Healthcare Group, Inc."
736,"Image Sensing Systems, Inc."
737,ImmuCell Corporation
738,Immune Design Corp.
739,"Immunomedics, Inc."
740,"Imperva, Inc."
741,"Impinj, Inc."
742,"Imprimis Pharmaceuticals, Inc."
743,Incyte Corporation
744,"India Fund, Inc. (The)"
745,"Industrial Services of America, Inc."
746,Infinity Property and Casualty Corporation
747,"Information Services Group, Inc."
748,Infosys Limited
749,Innocoll Holdings
750,"Innovative Industrial Properties, Inc."
751,"Innovative Solutions and Support, Inc."
752,Inotek Pharmaceuticals Corporation
753,"Inovio Pharmaceuticals, Inc."
754,Inphi Corporation
755,"Insmed, Inc."
756,"Installed Building Products, Inc."
757,"Insteel Industries, Inc."
758,Intelsat S.A.
759,"Inter Parfums, Inc."
760,"Interactive Brokers Group, Inc."
761,"Intercept Pharmaceuticals, Inc."
762,"Interface, Inc."
763,Internap Corporation
764,"Internationa Flavors & Fragrances, Inc."
765,International Game Technology
766,"Internet Initiative Japan, Inc."
767,Interstate Power and Light Company
768,InterXion Holding N.V.
769,INTL FCStone Inc.
770,"Intrawest Resorts Holdings, Inc."
771,Invesco Bond Fund
772,Invesco High Income 2023 Target Term Fund
773,Investors Real Estate Trust
774,Investors Title Company
775,Invitae Corporation
776,Ion Geophysical Corporation
777,iPath US Treasury 2-year Bull ETN
778,iPath US Treasury 5-year Bear ETN
779,iPath US Treasury Flattener ETN
780,iPath US Treasury Steepener ETN
781,"iRhythm Technologies, Inc."
782,IRIDEX Corporation
783,Iridium Communications Inc
784,IRSA Inversiones Y Representaciones S.A.
785,IRSA Propiedades Comerciales S.A.
786,iShares Commodities Select Strategy ETF
787,iShares Fallen Angels USD Bond ETF
788,iShares FTSE EPRA/NAREIT Europe Index Fund
789,iShares MSCI ACWI Index Fund
790,iShares MSCI EM ESG Optimized ETF
791,iShares MSCI Europe Financials Sector Index Fund
792,iStar Financial Inc.
793,ITUS Corporation
794,Ivy NextShares
795,J P Morgan Chase & Co
796,"J.B. Hunt Transport Services, Inc."
797,"J.C. Penney Company, Inc. Holding Company"
798,Jagged Peak Energy Inc.
799,Janus Henderson Group plc
800,Janus Henderson SG Global Quality Income ETF
801,Japan Smaller Capitalization Fund Inc
802,"Jason Industries, Inc."
803,"JELD-WEN Holding, Inc."
804,Jensyn Acquistion Corp.
805,JM Global Holding Company
806,JMP Group LLC
807,John Hancock Financial Opportunities Fund
808,John Hancock Pfd Income Fund II
809,John Hancock Preferred Income Fund III
810,"John Wiley & Sons, Inc."
811,Johnson Controls International plc
812,Johnson Outdoors Inc.
813,K12 Inc
814,Kate Spade & Company
815,Kayne Anderson Acquisition Corp.
816,KBL Merger Corp. IV
817,"KBR, Inc."
818,KBS Fashion Group Limited
819,"KCAP Financial, Inc."
820,Kearny Financial
821,Kellogg Company
822,Kennametal Inc.
823,"Keryx Biopharmaceuticals, Inc."
824,"Key Energy Services, Inc."
825,"Kforce, Inc."
826,Kimberly-Clark Corporation
827,"Kindred Healthcare, Inc."
828,Kitov Pharmaceuticals Holdings Ltd.
829,KKR & Co. L.P.
830,"Knight Transportation, Inc."
831,Knowles Corporation
832,Kopin Corporation
833,"Korea Fund, Inc. (The)"
834,Korn/Ferry International
835,"Kratos Defense & Security Solutions, Inc."
836,Kronos Worldwide Inc
837,KT Corporation
838,"Kulicke and Soffa Industries, Inc."
839,L.S. Starrett Company (The)
840,La Jolla Pharmaceutical Company
841,La Quinta Holdings Inc.
842,Laboratory Corporation of America Holdings
843,Lancaster Colony Corporation
844,"Landcadia Holdings, Inc."
845,Landmark Infrastructure Partners LP
846,"Lands' End, Inc."
847,LaSalle Hotel Properties
848,Lazard Ltd.
849,"Lazard World Dividend & Income Fund, Inc."
850,Leading Brands Inc
851,"Lee Enterprises, Incorporated"
852,Legacy Reserves LP
853,Legg Mason Developed EX-US Diversified Core ETF
854,"Leidos Holdings, Inc."
855,"LeMaitre Vascular, Inc."
856,"LendingTree, Inc."
857,"Level 3 Communications, Inc."
858,"Lexicon Pharmaceuticals, Inc."
859,Lexington Realty Trust
860,"LG Display Co., Ltd."
861,Lianluo Smart Limited
862,Liberty Broadband Corporation
863,Liberty Global plc
864,Liberty Interactive Corporation
865,Liberty Media Corporation
866,"Lifeway Foods, Inc."
867,Ligand Pharmaceuticals Incorporated
868,"LightInTheBox Holding Co., Ltd."
869,"Limbach Holdings, Inc."
870,"Limelight Networks, Inc."
871,"Lincoln Electric Holdings, Inc."
872,Lindblad Expeditions Holdings Inc.
873,LINE Corporation
874,Lions Gate Entertainment Corporation
875,"Live Nation Entertainment, Inc."
876,LKQ Corporation
877,Lonestar Resources US Inc.
878,LRAD Corporation
879,Lsb Industries Inc.
880,"LTC Properties, Inc."
881,lululemon athletica inc.
882,"Lydall, Inc."
883,"M I Acquisitions, Inc."
884,M III Acquisition Corp.
885,"M/I Homes, Inc."
886,Macerich Company (The)
887,Mack-Cali Realty Corporation
888,Macquarie/First Trust Global
889,"MacroGenics, Inc."
890,Madison Strategic Sector Premium Fund
891,"Madrigal Pharmaceuticals, Inc."
892,"Magellan Health, Inc."
893,Magellan Midstream Partners L.P.
894,magicJack VocalTec Ltd
895,"Maiden Holdings, Ltd."
896,"Malvern Bancorp, Inc."
897,"MAM Software Group, Inc."
898,Manchester United Ltd.
899,"Manhattan Bridge Capital, Inc"
900,ManTech International Corporation
901,"Marcus & Millichap, Inc."
902,Marcus Corporation (The)
903,Marin Software Incorporated
904,Marlin Business Services Corp.
905,Masco Corporation
906,Masonite International Corporation
907,Matlin & Partners Acquisition Corporation
908,Matrix Service Company
909,"Maximus, Inc."
910,MB Financial Inc.
911,"Medical Transcription Billing, Corp."
912,Medigus Ltd.
913,"Mellanox Technologies, Ltd."
914,"Melrose Bancorp, Inc."
915,MER Telemanagement Solutions Ltd.
916,"MercadoLibre, Inc."
917,Meridian Bioscience Inc.
918,"Meridian Waste Solutions, Inc"
919,"Merrill Lynch & Co., Inc."
920,Merus Labs International Inc.
921,Merus N.V.
922,"Meta Financial Group, Inc."
923,"Methode Electronics, Inc."
924,MFS Government Markets Income Trust
925,MFS Intermediate Income Trust
926,MFS Multimarket Income Trust
927,MGE Energy Inc.
928,"MGP Ingredients, Inc."
929,Microsemi Corporation
930,Microsoft Corporation
931,"Mid-America Apartment Communities, Inc."
932,"Mid-Con Energy Partners, LP"
933,Middlesex Water Company
934,"MIDSTATES PETROLEUM COMPANY, INC."
935,"MidWestOne Financial Group, Inc."
936,"Miller Industries, Inc."
937,"MiMedx Group, Inc"
938,"MINDBODY, Inc."
939,"Minerva Neurosciences, Inc"
940,"Mirati Therapeutics, Inc."
941,"Mirna Therapeutics, Inc."
942,"Mitcham Industries, Inc."
943,Mitel Networks Corporation
944,"Mobile Mini, Inc."
945,"MOCON, Inc."
946,Molson Coors Brewing Company
947,"Mondelez International, Inc."
948,"Moneygram International, Inc."
949,Monmouth Real Estate Investment Corporation
950,"Monogram Residential Trust, Inc."
951,"Monolithic Power Systems, Inc."
952,"Monro Muffler Brake, Inc."
953,"Monster Digital, Inc."
954,Moog Inc.
955,"Morgan Stanley Emerging Markets Fund, Inc."
956,"Morningstar, Inc."
957,Motif Bio plc
958,Mountain Province Diamonds Inc.
959,MRC Global Inc.
960,"MRV Communications, Inc."
961,"MSC Industrial Direct Company, Inc."
962,MSCI Inc
963,MSG Networks Inc.
964,MTGE Investment Corp.
965,"Mueller Industries, Inc."
966,Murphy Oil Corporation
967,Myovant Sciences Ltd.
968,Nanometrics Incorporated
969,"NantHealth, Inc."
970,"NantKwest, Inc."
971,"NAPCO Security Technologies, Inc."
972,NASDAQ TEST STOCK
973,National Beverage Corp.
974,National Commerce Corporation
975,National General Holdings Corp
976,National Instruments Corporation
977,National Research Corporation
978,National Retail Properties
979,"National Security Group, Inc."
980,"Nature's Sunshine Products, Inc."
981,Navient Corporation
982,"Navigant Consulting, Inc."
983,Navios Maritime Acquisition Corporation
984,Navios Maritime Holdings Inc.
985,Navios Maritime Midstream Partners LP
986,NBT Bancorp Inc.
987,"NCI Building Systems, Inc."
988,"NCS Multistage Holdings, Inc."
989,NeoPhotonics Corporation
990,Neovasc Inc.
991,"Net Element, Inc."
992,"NetApp, Inc."
993,"NetScout Systems, Inc."
994,NetSol Technologies Inc.
995,"Neurocrine Biosciences, Inc."
996,"NeuroMetrix, Inc."
997,"Neurotrope, Inc."
998,"New York & Company, Inc."
999,"New York Community Bancorp, Inc."
1000,Newell Brands Inc.
1001,NewMarket Corporation
1002,Newmont Mining Corporation
1003,News Corporation
1004,Newtek Business Services Corp.
1005,"NexPoint Residential Trust, Inc."
1006,"Nexstar Media Group, Inc."
1007,"NextEra Energy, Inc."
1008,NF Energy Saving Corporation
1009,NICE Ltd
1010,"Nicholas Financial, Inc."
1011,Nicolet Bankshares Inc.
1012,"NL Industries, Inc."
1013,Noble Corporation
1014,Noble Energy Inc.
1015,Nomad Foods Limited
1016,Nordic American Tankers Limited
1017,Nortech Systems Incorporated
1018,"North American Energy Partners, Inc."
1019,North European Oil Royality Trust
1020,"Northfield Bancorp, Inc."
1021,Northwest Natural Gas Company
1022,Northwest Pipe Company
1023,NorthWestern Corporation
1024,Norwegian Cruise Line Holdings Ltd.
1025,"Nova Lifestyle, Inc"
1026,Novanta Inc.
1027,NovoCure Limited
1028,"Novus Therapeutics, Inc."
1029,NQ Mobile Inc.
1030,"NRG Yield, Inc."
1031,"Nuance Communications, Inc."
1032,Nustar Energy L.P.
1033,"NuStar Logistics, L.P."
1034,"NuVasive, Inc."
1035,Nuveen AMT-Free Municipal Value Fund
1036,Nuveen Dow 30SM Dynamic Overwrite Fund
1037,Nuveen Enhanced Municipal Value Fund
1038,Nuveen Floating Rate Income Opportuntiy Fund
1039,Nuveen Georgia Quality Municipal Income Fund
1040,Nuveen Minnesota Quality Municipal Income Fund
1041,Nuveen Municipal 2021 Target Term Fund
1042,Nuveen Municipal Credit Income Fund
1043,Nuveen Municipal High Income Opportunity Fund
1044,Nuveen NASDAQ 100 Dynamic Overwrite Fund
1045,Nuveen Quality Preferred Income Fund 2
1046,Nuveen Select Maturities Municipal Fund
1047,Nuveen Select Tax Free Income Portfolio
1048,Nuveen Texas Quality Municipal Income Fund
1049,NXP Semiconductors N.V.
1050,NXT-ID Inc.
1051,Oasmia Pharmaceutical AB
1052,"Obalon Therapeutics, Inc."
1053,ObsEva SA
1054,OceanFirst Financial Corp.
1055,"Ocera Therapeutics, Inc."
1056,OFG Bancorp
1057,OGE Energy Corporation
1058,"Oil States International, Inc."
1059,Oil-Dri Corporation Of America
1060,"Okta, Inc."
1061,"Olympic Steel, Inc."
1062,"Omega Flex, Inc."
1063,"Omega Healthcare Investors, Inc."
1064,"On Deck Capital, Inc."
1065,"One Liberty Properties, Inc."
1066,"Ooma, Inc."
1067,Ophthotech Corporation
1068,Optibase Ltd.
1069,Optical Cable Corporation
1070,"OptimumBank Holdings, Inc."
1071,Opus Bank
1072,Origo Acquisition Corporation
1073,"Ormat Technologies, Inc."
1074,"Ossen Innovation Co., Ltd."
1075,Otelco Inc.
1076,"Otonomy, Inc."
1077,Otter Tail Corporation
1078,"Overstock.com, Inc."
1079,Oxbridge Re Holdings Limited
1080,Oxford Immunotec Global PLC
1081,Oxford Lane Capital Corp.
1082,Pacific Continental Corporation (Ore)
1083,Pacific Premier Bancorp Inc
1084,Pacific Special Acquisition Corp.
1085,"Palo Alto Networks, Inc."
1086,"Pandora Media, Inc."
1087,Pangaea Logistics Solutions Ltd.
1088,"Paramount Group, Inc."
1089,"Paratek Pharmaceuticals, Inc."
1090,Park Hotels & Resorts Inc.
1091,Park Sterling Corporation
1092,"ParkerVision, Inc."
1093,PartnerRe Ltd.
1094,Pattern Energy Group Inc.
1095,PAVmed Inc.
1096,"Paycom Software, Inc."
1097,PBF Energy Inc.
1098,"PDC Energy, Inc."
1099,Peabody Energy Corporation
1100,Pegasystems Inc.
1101,Penn Virginia Corporation
1102,PennantPark Investment Corporation
1103,"PennyMac Financial Services, Inc."
1104,"Penumbra, Inc."
1105,People's Utah Bancorp
1106,"Pernix Therapeutics Holdings, Inc."
1107,Perry Ellis International Inc.
1108,"PetMed Express, Inc."
1109,Petrobras Argentina S.A.
1110,"PGT Innovations, Inc."
1111,Pharmerica Corporation
1112,PHH Corp
1113,Philip Morris International Inc
1114,Phoenix New Media Limited
1115,Pilgrim's Pride Corporation
1116,PIMCO Dynamic Income Fund
1117,PIMCO Income Strategy Fund II
1118,PIMCO Municipal Income Fund III
1119,Pimco New York Municipal Income Fund II
1120,"PIMCO Strategic Income Fund, Inc."
1121,Pingtan Marine Enterprise Ltd.
1122,Pioneer Municipal High Income Advantage Trust
1123,Piper Jaffray Companies
1124,Pitney Bowes Inc.
1125,PJT Partners Inc.
1126,"Planet Payment, Inc."
1127,PLDT Inc.
1128,"Pluristem Therapeutics, Inc."
1129,PLx Pharma Inc.
1130,"PNC Financial Services Group, Inc. (The)"
1131,Pointer Telocation Ltd.
1132,"Points International, Ltd."
1133,"Popular, Inc."
1134,"Porter Bancorp, Inc."
1135,Portland General Electric Company
1136,"Portola Pharmaceuticals, Inc."
1137,Potash Corporation of Saskatchewan Inc.
1138,Potbelly Corporation
1139,PowerShares DWA Basic Materials Momentum Portfolio
1140,PowerShares DWA Consumer Staples Momentum Portfolio
1141,PowerShares DWA Developed Markets Momentum Portfolio
1142,PowerShares DWA Industrials Momentum Portfolio
1143,PowerShares DWA Momentum & Low Volatility Rotation Portfolio
1144,PowerShares DWA Tactical Sector Rotation Portfolio
1145,PowerShares Golden Dragon China Portfolio
1146,PowerShares LadderRite 0-5 Year Corporate Bond Portfolio
1147,PowerShares Russell 1000 Low Beta Equal Weight Portfolio
1148,PowerShares S&P SmallCap Consumer Discretionary Portfolio
1149,PowerShares S&P SmallCap Consumer Staples Portfolio
1150,PowerShares S&P SmallCap Financials Portfolio
1151,PowerShares S&P SmallCap Industrials Portfolio
1152,"PPL Capital Funding, Inc."
1153,PPL Corporation
1154,PPlus Trust
1155,"PRA Health Sciences, Inc."
1156,"Preferred Apartment Communities, Inc."
1157,Preformed Line Products Company
1158,"Premier, Inc."
1159,Presbia PLC
1160,Primero Mining Corp
1161,Principal Millennials Index ETF
1162,Principal Real Estate Income Fund
1163,Principal Shareholder Yield Index ETF
1164,Principal U.S. Small Cap Index ETF
1165,ProAssurance Corporation
1166,"Professional Diversity Network, Inc."
1167,"Proofpoint, Inc."
1168,ProShares Ultra Nasdaq Biotechnology
1169,Proshares UltraPro Nasdaq Biotechnology
1170,ProShares UltraPro QQQ
1171,"Proteon Therapeutics, Inc."
1172,"Proteostasis Therapeutics, Inc."
1173,"Prudential Bancorp, Inc."
1174,"Prudential Global Short Duration High Yield Fund, Inc."
1175,"Prudential Short Duration High Yield Fund, Inc."
1176,"PS Business Parks, Inc."
1177,"PT Telekomunikasi Indonesia, Tbk"
1178,Public Storage
1179,"PulteGroup, Inc."
1180,Puma Biotechnology Inc
1181,Purefunds Solactive FinTech ETF
1182,Putnam Municipal Opportunities Trust
1183,Putnam Premier Income Trust
1184,PVH Corp.
1185,Pyxis Tankers Inc.
1186,"QEP Resources, Inc."
1187,QUALCOMM Incorporated
1188,"Quality Care Properties, Inc."
1189,"Quality Systems, Inc."
1190,Quanex Building Products Corporation
1191,"Quanta Services, Inc."
1192,Quarterhill Inc.
1193,Quest Resource Holding Corporation.
1194,Quinpario Acquisition Corp. 2
1195,Qumu Corporation
1196,"Ra Pharmaceuticals, Inc."
1197,"RadNet, Inc."
1198,Radware Ltd.
1199,RAIT Financial Trust
1200,Ralph Lauren Corporation
1201,Ramco-Gershenson Properties Trust
1202,"Rand Logistics, Inc."
1203,"Raymond James Financial, Inc."
1204,Rayonier Inc.
1205,"RCI Hospitality Holdings, Inc."
1206,"RCM Technologies, Inc."
1207,"RE/MAX Holdings, Inc."
1208,Reading International Inc
1209,"RealPage, Inc."
1210,"Reata Pharmaceuticals, Inc."
1211,"Recon Technology, Ltd."
1212,"Red Robin Gourmet Burgers, Inc."
1213,Regency Centers Corporation
1214,RELX PLC
1215,"Remark Holdings, Inc."
1216,RenaissanceRe Holdings Ltd.
1217,Repligen Corporation
1218,ResMed Inc.
1219,Resource Capital Corp.
1220,"Resources Connection, Inc."
1221,"REV Group, Inc."
1222,"Reven Housing REIT, Inc."
1223,"Rexford Industrial Realty, Inc."
1224,RH
1225,Rice Energy Inc.
1226,Rice Midstream Partners LP
1227,"Richardson Electronics, Ltd."
1228,"Rigel Pharmaceuticals, Inc."
1229,"RigNet, Inc."
1230,"Ritter Pharmaceuticals, Inc."
1231,RMG Networks Holding Corporation
1232,ROBO Global Robotics and Automation Index ETF
1233,"Rocky Mountain Chocolate Factory, Inc."
1234,"Roka Bioscience, Inc."
1235,"Royal Bancshares of Pennsylvania, Inc."
1236,Royal Bank Scotland plc (The)
1237,"Royce Global Value Trust, Inc."
1238,RPM International Inc.
1239,"Rush Enterprises, Inc."
1240,"Ruth's Hospitality Group, Inc."
1241,Ryanair Holdings plc
1242,Ryerson Holding Corporation
1243,Saban Capital Acquisition Corp.
1244,"Sabra Healthcare REIT, Inc."
1245,"SAExploration Holdings, Inc."
1246,"Saia, Inc."
1247,San Juan Basin Royalty Trust
1248,"Sandy Spring Bancorp, Inc."
1249,Sanmina Corporation
1250,Sanofi
1251,Santander Consumer USA Holdings Inc.
1252,SAP SE
1253,Saratoga Investment Corp
1254,"Saul Centers, Inc."
1255,"SB Financial Group, Inc."
1256,SBA Communications Corporation
1257,"ScanSource, Inc."
1258,"Schweitzer-Mauduit International, Inc."
1259,Scorpio Tankers Inc.
1260,"Seabridge Gold, Inc."
1261,"SEACOR Holdings, Inc."
1262,SEACOR Marine Holdings Inc.
1263,Sealed Air Corporation
1264,Sears Canada Inc.
1265,Sears Holdings Corporation
1266,"Sears Hometown and Outlet Stores, Inc."
1267,Seaspan Corporation
1268,"Seattle Genetics, Inc."
1269,"Second Sight Medical Products, Inc."
1270,SecureWorks Corp.
1271,Security National Financial Corporation
1272,Select Asset Inc.
1273,"Select Bancorp, Inc."
1274,Select Income REIT
1275,Select Medical Holdings Corporation
1276,Semiconductor Manufacturing International Corporation
1277,SemiLEDS Corporation
1278,"Sequential Brands Group, Inc."
1279,Service Corporation International
1280,"ServiceNow, Inc."
1281,"ServisFirst Bancshares, Inc."
1282,Severn Bancorp Inc
1283,"Shake Shack, Inc."
1284,Shaw Communications Inc.
1285,"Shiloh Industries, Inc."
1286,"ShotSpotter, Inc."
1287,"Sientra, Inc."
1288,Sierra Bancorp
1289,"Sigma Labs, Inc."
1290,Signature Bank
1291,Signet Jewelers Limited
1292,Silgan Holdings Inc.
1293,Silicon Motion Technology Corporation
1294,"Silver Spring Networks, Inc."
1295,"SilverBow Resorces, Inc."
1296,"Simpson Manufacturing Company, Inc."
1297,Sina Corporation
1298,"Sinclair Broadcast Group, Inc."
1299,"Sky Solar Holdings, Ltd."
1300,SL Green Realty Corporation
1301,Smart
1302,Smith (A.O.) Corporation
1303,"Smith Micro Software, Inc."
1304,"Social Reality, Inc."
1305,Solar Capital Ltd.
1306,"Solaris Oilfield Infrastructure, Inc."
1307,"Soligenix, Inc."
1308,"Sonic Automotive, Inc."
1309,"Sonic Foundry, Inc."
1310,"Sonoma Pharmaceuticals, Inc."
1311,"Sonus Networks, Inc."
1312,"SORL Auto Parts, Inc."
1313,Southern Company (The)
1314,"Southern First Bancshares, Inc."
1315,"Southside Bancshares, Inc."
1316,"Southwest Bancorp, Inc."
1317,Southwestern Energy Company
1318,Sparton Corporation
1319,Special Opportunities Fund Inc.
1320,St. Joe Company (The)
1321,"Stanley Black & Decker, Inc."
1322,Star Bulk Carriers Corp.
1323,State Street Corporation
1324,SteadyMed Ltd.
1325,"Stericycle, Inc."
1326,Stifel Financial Corporation
1327,"Stock Yards Bancorp, Inc."
1328,StoneCastle Financial Corp
1329,StoneMor Partners L.P.
1330,"Stratasys, Ltd."
1331,STRATS Trust
1332,Strattec Security Corporation
1333,Student Transportation Inc
1334,"Sturm, Ruger & Company, Inc."
1335,"Summit Materials, Inc."
1336,"Summit Midstream Partners, LP"
1337,Summit State Bank
1338,Summit Therapeutics plc
1339,"SunCoke Energy Partners, L.P."
1340,"SunCoke Energy, Inc."
1341,Sunoco LP
1342,"SunOpta, Inc."
1343,"SunTrust Banks, Inc."
1344,"Super Micro Computer, Inc."
1345,"Superior Industries International, Inc."
1346,"Supernus Pharmaceuticals, Inc."
1347,SuperValu Inc.
1348,"Surgery Partners, Inc."
1349,Synnex Corporation
1350,Synovus Financial Corp.
1351,"Synthetic Fixed-Income Securities, Inc."
1352,"Sypris Solutions, Inc."
1353,"Tahoe Resources, Inc."
1354,Taitron Components Incorporated
1355,"Take-Two Interactive Software, Inc."
1356,"Tandy Leather Factory, Inc."
1357,Taylor Morrison Home Corporation
1358,TCF Financial Corporation
1359,"TCG BDC, Inc."
1360,TE Connectivity Ltd.
1361,TearLab Corporation
1362,Technical Communications Corporation
1363,TechnipFMC plc
1364,Tejon Ranch Co
1365,Teleflex Incorporated
1366,Telefonica SA
1367,"Teligent, Inc."
1368,TELUS Corporation
1369,Templeton Emerging Markets Fund
1370,"Tempur Sealy International, Inc."
1371,"Tenax Therapeutics, Inc."
1372,Tennessee Valley Authority
1373,"Terra Nitrogen Company, L.P."
1374,"TerraForm Global, Inc."
1375,"TerraForm Power, Inc."
1376,"TerraVia Holdings, Inc."
1377,Terreno Realty Corporation
1378,Tesoro Corporation
1379,TESSCO Technologies Incorporated
1380,"Texas Capital Bancshares, Inc."
1381,Texas Instruments Incorporated
1382,"Texas Roadhouse, Inc."
1383,"Thai Fund, Inc. (The)"
1384,"The Bancorp, Inc."
1385,The Blackstone Group L.P.
1386,"The Bon-Ton Stores, Inc."
1387,The Charles Schwab Corporation
1388,The Cheesecake Factory Incorporated
1389,"The Chefs' Warehouse, Inc."
1390,The Cushing MLP Total Return Fund
1391,"The Finish Line, Inc."
1392,"The First Bancshares, Inc."
1393,The Gabelli Healthcare & Wellness Trust
1394,The GDL Fund
1395,The Goodyear Tire & Rubber Company
1396,"The Hackett Group, Inc."
1397,"The Herzfeld Caribbean Basin Fund, Inc."
1398,The KEYW Holding Corporation
1399,The Medicines Company
1400,The Priceline Group Inc.
1401,"The Rubicon Project, Inc."
1402,"The Trade Desk, Inc."
1403,The9 Limited
1404,Therapix Biosciences Ltd.
1405,Third Point Reinsurance Ltd.
1406,Thomson Reuters Corp
1407,"TIER REIT, Inc."
1408,"Tile Shop Hldgs, Inc."
1409,Till Capital Ltd.
1410,"Tilly's, Inc."
1411,Titan Machinery Inc.
1412,TiVo Corporation
1413,Tocagen Inc.
1414,Toll Brothers Inc.
1415,TOP Ships Inc.
1416,TopBuild Corp.
1417,TOR Minerals International Inc
1418,Torchmark Corporation
1419,Toro Company (The)
1420,Toronto Dominion Bank (The)
1421,"Tortoise Energy Independence Fund, Inc."
1422,Tortoise Energy Infrastructure Corporation
1423,"Tortoise Power and Energy Infrastructure Fund, Inc"
1424,TPG Pace Energy Holdings Corp.
1425,TransAct Technologies Incorporated
1426,"Transcontinental Realty Investors, Inc."
1427,TransMontaigne Partners L.P.
1428,Transocean Ltd.
1429,TravelCenters of America LLC
1430,"TRC Companies, Inc."
1431,Trecora Resources
1432,"Trex Company, Inc."
1433,Tri Continental Corporation
1434,"TRI Pointe Group, Inc."
1435,TriCo Bancshares
1436,Trimble Inc.
1437,"TriNet Group, Inc."
1438,Trinseo S.A.
1439,"TripAdvisor, Inc."
1440,Triple-S Management Corporation
1441,TriplePoint Venture Growth BDC Corp.
1442,"TriState Capital Holdings, Inc."
1443,"Triumph Group, Inc."
1444,trivago N.V.
1445,"tronc, Inc."
1446,"TrueCar, Inc."
1447,"Truett-Hurst, Inc."
1448,TrustCo Bank Corp NY
1449,Trustmark Corporation
1450,Tsakos Energy Navigation Ltd
1451,Tucows Inc.
1452,Tuesday Morning Corp.
1453,Turquoise Hill Resources Ltd.
1454,"Twenty-First Century Fox, Inc."
1455,Two Harbors Investments Corp
1456,Two River Bancorp
1457,"Tyson Foods, Inc."
1458,"U S Concrete, Inc."
1459,U.S. Bancorp
1460,"Ulta Beauty, Inc."
1461,"Ultra Clean Holdings, Inc."
1462,"UMH Properties, Inc."
1463,Umpqua Holdings Corporation
1464,"Under Armour, Inc."
1465,"Uni-Pixel, Inc."
1466,Unico American Corporation
1467,Unifirst Corporation
1468,Union Bankshares Corporation
1469,uniQure N.V.
1470,Unisys Corporation
1471,"United States Lime & Minerals, Inc."
1472,UNITIL Corporation
1473,Universal Health Realty Income Trust
1474,"Universal Health Services, Inc."
1475,"Universal Logistics Holdings, Inc."
1476,Urban Edge Properties
1477,Urstadt Biddle Properties Inc.
1478,US Foods Holding Corp.
1479,"USA Technologies, Inc."
1480,UTStarcom Holdings Corp
1481,VALE S.A.
1482,"Validus Holdings, Ltd."
1483,Valley National Bancorp
1484,"Value Line, Inc."
1485,Valvoline Inc.
1486,Vanguard Intermediate -Term Government Bond ETF
1487,Vanguard International Dividend Appreciation ETF
1488,Vanguard International High Dividend Yield ETF
1489,Vanguard Russell 1000 ETF
1490,Vanguard Russell 1000 Value ETF
1491,Vanguard Russell 2000 Value ETF
1492,Vantage Energy Acquisition Corp.
1493,Varex Imaging Corporation
1494,"Vectrus, Inc."
1495,Veeco Instruments Inc.
1496,VelocityShares Daily Inverse VIX Medium-Term ETN
1497,"Veracyte, Inc."
1498,VEREIT Inc.
1499,"VeriSign, Inc."
1500,"Veritone, Inc."
1501,"Versartis, Inc."
1502,Viavi Solutions Inc.
1503,VictoryShares International High Div Volatility Wtd ETF
1504,VictoryShares International Volatility Wtd ETF
1505,VictoryShares US Discovery Enhanced Volatility Wtd ETF
1506,VictoryShares US EQ Income Enhanced Volatility Wtd ETF
1507,VictoryShares US Small Cap High Div Volatility Wtd ETF
1508,Vident Core US Equity ETF
1509,Videocon d2h Limited
1510,"ViewRay, Inc."
1511,Vina Concha Y Toro
1512,Vince Holding Corp.
1513,Virco Manufacturing Corporation
1514,"Virtu Financial, Inc."
1515,Virtus Global Multi-Sector Income Fund
1516,Virtus Total Return Fund Inc.
1517,Virtusa Corporation
1518,"Vital Therapies, Inc."
1519,"Vmware, Inc."
1520,Vornado Realty Trust
1521,voxeljet AG
1522,Voya Asia Pacific High Dividend Equity Income Fund
1523,Voya Emerging Markets High Income Dividend Equity Fund
1524,"Voya Financial, Inc."
1525,"Voya Infrastructure, Industrials and Materials Fund"
1526,Voya International High Dividend Equity Income Fund
1527,"Voyager Therapeutics, Inc."
1528,VTTI Energy Partners LP
1529,Vulcan Materials Company
1530,Vuzix Corporation
1531,W.P. Carey Inc.
1532,W.R. Berkley Corporation
1533,W.R. Grace & Co.
1534,"W&T Offshore, Inc."
1535,Wabash National Corporation
1536,"Walgreens Boots Alliance, Inc."
1537,Walter Investment Management Corp.
1538,Washington Real Estate Investment Trust
1539,"Washington Trust Bancorp, Inc."
1540,Wayfair Inc.
1541,"Wayside Technology Group, Inc."
1542,WD-40 Company
1543,Weatherford International plc
1544,WeatherStorm Forensic Accounting Long Short ETF
1545,WebMD Health Corp
1546,"WEC Energy Group, Inc."
1547,Weibo Corporation
1548,Weight Watchers International Inc
1549,"Weis Markets, Inc."
1550,"WellCare Health Plans, Inc."
1551,Wells Fargo & Company
1552,Welltower Inc.
1553,Wendy's Company (The)
1554,"Westar Energy, Inc."
1555,"Westbury Bancorp, Inc."
1556,Western Asset Corporate Loan Fund Inc
1557,Western Asset Global Corporate Defined Opportunity Fund Inc.
1558,Western Asset Global High Income Fund Inc
1559,"Western Asset High Income Opportunity Fund, Inc."
1560,Western Asset Municipal Defined Opportunity Trust Inc
1561,Western Asset/Claymore U.S Treasury Inflation Prot Secs Fd 2
1562,"Western New England Bancorp, Inc."
1563,"Western Refining Logistics, LP"
1564,Westpac Banking Corporation
1565,Westport Fuel Systems Inc
1566,"Wheeler Real Estate Investment Trust, Inc."
1567,"WhiteHorse Finance, Inc."
1568,"WideOpenWest, Inc."
1569,"Willamette Valley Vineyards, Inc."
1570,Willis Towers Watson Public Limited Company
1571,"Windstream Holdings, Inc."
1572,Wintrust Financial Corporation
1573,WisdomTree Barclays Negative Duration U.S. Aggregate Bond Fund
1574,WisdomTree Emerging Markets Consumer Growth Fund
1575,WisdomTree Negative Duration High Yield Bond Fund
1576,WisdomTree U.S. Quality Dividend Growth Fund
1577,WisdomTree U.S. SmallCap Quality Dividend Growth Fund
1578,WisdomTree Western Asset Unconstrained Bond Fund
1579,Wix.com Ltd.
1580,WMIH Corp.
1581,Woori Bank
1582,WPCS International Incorporated
1583,WPP plc
1584,Wright Medical Group N.V.
1585,Xcel Energy Inc.
1586,Xcerra Corporation
1587,"Xenia Hotels & Resorts, Inc."
1588,"XG Technology, Inc"
1589,"XO Group, Inc."
1590,XOMA Corporation
1591,XTL Biopharmaceuticals Ltd.
1592,Yamana Gold Inc.
1593,Yandex N.V.
1594,"Yield10 Bioscience, Inc."
1595,Yintech Investment Holdings Limited
1596,"YuMe, Inc."
1597,YY Inc.
1598,"Zillow Group, Inc."
1599,Zion Oil & Gas Inc
1600,Zions Bancorporation
1601,Zoetis Inc.
1602,Zosano Pharma Corporation
1603,ZTO Express (Cayman) Inc.
1604,Zumiez Inc.
1605,Zymeworks Inc.