Nombre,Apellido,Salario
Carlyn,Klimkov,256
Maximilien,Baily,250
Roselle,Schuelcke,252
Chas,Blacket,255
Batholomew,Dyble,252
Angelika,Geary,255
Hendrick,Shemming,258
Mariellen,Poulson,254
Vonni,Caulcott,264
Keir,Simonsen,261
Daniele,Rehor,268
Colette,Dawidowitz,266
Sawyer,Plet,267
Cyndie,Ripping,269
Adam,Halwill,263
Margalo,McLucas,268
Carmina,Egentan,266
Grissel,Hardaker,269
Aundrea,Howes,279
Marlo,Rippin,275
Caril,Eaglestone,278
Flore,Olivier,273
Dominique,Macenzy,279
Sofie,Nowakowski,278
Dickie,Neillans,276
Leonora,Eltone,270
Inglebert,Ackrill,271
Oona,O'Keevan,275
Clo,Foucar,279
Fawn,Summerly,278
Ronna,Lermit,276
Solomon,Pidgin,274
Bruis,Pearde,275
Richard,Rainsdon,274
Emily,Hartwell,285
Phillipp,Kingzeth,287
Madalena,Antonin,289
Tabby,Bright,283
Hal,Galego,284
Forrester,Mc Corley,281
Elwira,Cabrer,286
Dwayne,Sturman,281
Zak,Beckson,285
Lauraine,Toll,287
Concettina,Fideler,283
Duke,Bletsor,285
Alden,Gilbart,284
Johnnie,Fawcett,286
Irma,D'Hooge,285
Joell,Buddell,294
Krystyna,Frosdick,293
Nancee,Sywell,296
Tootsie,MacMorland,295
Merrel,Bicksteth,297
Chrisy,Blakeston,298
Doretta,Graeber,296
Sheridan,Silverthorn,298
Nonie,Wrotchford,295
Mason,Petrelluzzi,294
Bondon,Malarkey,308
Riley,Drescher,304
Janette,Avieson,308
Daron,Wanley,306
Cort,Marousek,305
Revkah,Clace,315
Vidovic,Purdom,316
Bernadine,Stonehouse,318
Brandy,Snozzwell,322
Shay,Doley,325
Abagail,Checketts,328
